name,logo_url,industry,hq_location,homepage_url,total_funding,round_name,last_funding,top_3_investors,funding_date,cb_link,favorite,description
"n8n","https://images.crunchbase.com/image/upload/c_pad,h_170,w_170,f_auto,b_white,q_auto:eco,dpr_1/ydjhgig6chouzm2mmik9","Workflow Automation","Germany","https://n8n.io/",13.5,"Series A",12.0,"Sequoia, Felicis, Firstminute",26.04.2024,"https://www.crunchbase.com/organization/n8n-io",false,"n8n is a free and open node-based Workflow Automation Tool. It can be self-hosted, easily extended, and used with third party web applications or custom in-house tools to automate repetitive tasks. With n8n, for the first time, people can move beyond simple integrations to build multi-step workflows that combine both 3rd party APIs and your own internal tools to create easy to use automations that snap together all the pieces of what would otherwise be very complex, disconnected systems."
"Copado","https://images.crunchbase.com/image/upload/c_pad,h_170,w_170,f_auto,b_white,q_auto:eco,dpr_1/tcxj8zcyoacn908i14z2","Developer Tools","United States","https://www.copado.com/",270.8,"Series C",140.0,"Insight, Softbank, Perpetual Growth", 13.01.2024,"https://www.crunchbase.com/organization/copado",false,"Copado is the DevOps platform enabling the largest digital transformations on Salesforce. Copado accelerates digital transformation projects by automating the release process, increasing developer productivity, and maximizing return on cloud investments. Copado DevOps 360™ includes Value Planning, Continuous Delivery, AutomatedTesting, and Compliance."
"Sparetech","https://images.crunchbase.com/image/upload/c_pad,h_170,w_170,f_auto,b_white,q_auto:eco,dpr_1/jxvfpcrsapqkp6xyv57y","Procurement","Germany","https://www.sparetech.io/",15.3,"Series A",10.0,"Insight, Headline, Perpetual Growth", 15.06.2024,"https://www.crunchbase.com/organization/sparetech",false,"SPARETECH creates a collaboration platform for manufacturing companies to digitize their spare part inventories, calculate their true demand, compare parts from various suppliers, and source the appropriate part outside or within their production network. The software compares spare part lists from clients to the product database and generates standardized data sets for ERP systems. They allow the customer to leverage sourcing and usage within the production network."
"Weaviate","https://images.crunchbase.com/image/upload/c_pad,h_170,w_170,f_auto,b_white,q_auto:eco,dpr_1/xt1pfa9berdy2nzym88q","Database","Netherlands","https://weaviate.io/",67.7,"Series B",50.0,"NEA, Index, Battery", 20.04.2023,"https://www.crunchbase.com/organization/weaviate",false,"Weaviate develops a hybrid SaaS platform to build search and recommendation systems. Its open-source AI vector search engine has extensions in the platform for specific use cases such as semantic search, plugins to integrate into any application, and a console to understand their data."
"HiBob","https://images.crunchbase.com/image/upload/c_pad,h_170,w_170,f_auto,b_white,q_auto:eco,dpr_1/zsdh1tldjg5pnbkjxz0c","Human Resources","Israel","https://www.hibob.com/",574.0,"Series D",150.0,"General Atlantic, Bessemer, Battery", 19.09.2023,"https://www.crunchbase.com/organization/hibob",false,"Hibob was founded to modernize HR tech. The intuitive and data-driven platform, bob, was built for the way people work today: globally, remotely, and collaboratively. Since its launch in late 2015, bob has achieved consecutive triple-digit year-over-year growth, and become the HRIS of choice for more than 1,000 modern, midsize andmultinational companies who understand that a powerful, agile HR tech suite is mission critical and a key driver of organizational success. Fast-growing companies across the globe such as Monzo, Happy Socks, Gong, Fiverr, and VaynerMedia rely upon bob to help HR and managers connect, engage, develop and retain top talent."
"Aibuild","https://images.crunchbase.com/image/upload/c_pad,h_170,w_170,f_auto,b_white,q_auto:eco,dpr_1/7c41cbdf98d5476aba5f1434c77b4c40","Artificial Intelligence","United Kingdom","http://ai-build.com/",13.5,"Series A",8.5,"Seedcamp, SFC Capital, IQ Capital",19.10.2023,"https://www.crunchbase.com/organization/ai-build","false","Aibuild offers the world's most advanced Additive Manufacturing software.","IQ Capital"
"Aleph Alpha","https://images.crunchbase.com/image/upload/c_pad,h_170,w_170,f_auto,b_white,q_auto:eco,dpr_1/sociiodqvwamgl1nynbp","Artificial Intelligence","Germany","https://aleph-alpha.com",642.8,"Series B",500,"SAP, Intel, NVIDIA",06.11.2023,"https://www.crunchbase.com/organization/aleph-alpha","false","Aleph Alpha specializes in researching, developing, and implementing AI-based technologies for both public and private sectors.","Bosch Ventures"
"AutogenAI","https://images.crunchbase.com/image/upload/c_pad,h_170,w_170,f_auto,b_white,q_auto:eco,dpr_1/fefqf2zx1xmbdahodspa","Artificial Intelligence","United Kingdom","https://autogenai.com/",61.7,"Series B",39.5,"Blossom Capital, Spark Capital, Salesforce Ventures",06.12.2023,"https://www.crunchbase.com/organization/autogenai","false","AutogenAI provides cutting edge natural language processing solutions to enable companies to write compelling content for bids.","Salesforce Ventures"
"Automata","https://images.crunchbase.com/image/upload/c_pad,h_170,w_170,f_auto,b_white,q_auto:eco,dpr_1/vliimiskq56qjtgyxyfe","Biotechnology","United Kingdom","https://automata.tech/",99.8,"Venture Round",40,"Entrepreneur First, Octopus Ventures, Hummingbird Ventures",03.10.2023,"https://www.crunchbase.com/organization/automata","false","Automata is a biotechnology company that provides workflow automation for the life sciences industry.","Dimension"
"Blockaid","https://images.crunchbase.com/image/upload/c_pad,h_170,w_170,f_auto,b_white,q_auto:eco,dpr_1/olepkpuycui3icstmamj","Blockchain","Israel","https://www.blockaid.io",33,"Series A",33,"Variant, Sequoia Capital, Cyberstarts",23.10.2023,"https://www.crunchbase.com/organization/blockaid","false","Blockaid enable builders to protect users from fraud, phishing and hacks.","Ribbit Capital"
"Brite Payments","https://images.crunchbase.com/image/upload/c_pad,h_170,w_170,f_auto,b_white,q_auto:eco,dpr_1/tmumqxe8sghjvo53rdu3","Fintech","Sweden","https://britepayments.com",60,"Series A",60,"Dawn Capital, Headline, Incore Invest",04.10.2023,"https://www.crunchbase.com/organization/brite","false","A leading provider of instant payments and payouts, powered by open banking.","Dawn Capital"
"Carbo Culture","https://images.crunchbase.com/image/upload/c_pad,h_170,w_170,f_auto,b_white,q_auto:eco,dpr_1/ptawaqvo9aoazfvwpea4","ESG","Finland","http://carboculture.com/",27.5,"Series A",18,"Alumni Ventures, European Innovation Council, Climate Capital",28.11.2023,"https://www.crunchbase.com/organization/carbo-culture","false","A biochar technology and project developer. The most scalable solution for industry & carbon removal","Alumni Ventures"
"Cloudsmith","https://images.crunchbase.com/image/upload/c_pad,h_170,w_170,f_auto,b_white,q_auto:eco,dpr_1/udr66jreywdhleuexru8","SaaS","United Kingdom","https://cloudsmith.com",29.1,"Series A",11.2,"Frontline Ventures, Sorenson Capital, Tapestry VC",28.11.2023,"https://www.crunchbase.com/organization/cloudsmith-io","false","Cloudsmith is a cloud-native platform that serves as a centralized solution for managing and distributing software assets or artifacts.","MMC Ventures"
"Colonies","https://images.crunchbase.com/image/upload/c_pad,h_170,w_170,f_auto,b_white,q_auto:eco,dpr_1/xkjfjm5m4paz6ktqjrec","Hospitality","France","https://www.livecolonies.com/",245.6,"Venture Round",32.7,"Allianz, Eurazeo, Financiere Saint James",01.12.2023,"https://www.crunchbase.com/organization/colonies","false","Colonies is a French startup that provides co-living housing solutions for urban devotees.","Crédit Mutuel Impact"
"Convious","https://images.crunchbase.com/image/upload/c_pad,h_170,w_170,f_auto,b_white,q_auto:eco,dpr_1/vjvxzyk1dh0zfd1cvbzo","SaaS","The Netherlands","http://www.convious.com",25.1,"Series A",8.9,"Market One Capital, Begin Capital, Wille Finance",13.10.2023,"https://www.crunchbase.com/organization/convious","false","Convious is the all-in-one platform built exclusively for the leisure industry.","Wille Finance"
"Cradle","https://images.crunchbase.com/image/upload/c_pad,h_170,w_170,f_auto,b_white,q_auto:eco,dpr_1/yqywng5l48oud0gsvh0g","Biotechnology","Switzerland","https://cradle.bio",29.7,"Series A",24,"Kindred Capital, Index Ventures, Thomas Glocer",28.11.2023,"https://www.crunchbase.com/organization/cradle-0c4f","false","Cradle is a biotech company that uses prediction algorithms and AI design recommendations to assist biologists in designing proteins.","Index Ventures"
"Defacto","https://images.crunchbase.com/image/upload/c_pad,h_170,w_170,f_auto,b_white,q_auto:eco,dpr_1/bcwskdpmgampcjd8ttxh","Fintech","France","https://www.getdefacto.com",219.8,"Series A",10.9,"Citi, Citi Ventures, Thibaud Elziere",14.11.2023,"https://www.crunchbase.com/organization/defacto-588a","false","Defacto is a fintech firm that offers short term financing for small and medium companies via an embedded, API-first approach.","Northzone"
"doctorly","https://images.crunchbase.com/image/upload/c_pad,h_170,w_170,f_auto,b_white,q_auto:eco,dpr_1/wb5y4qapvrtxrenreiyd","Healthcare","Germany","http://www.doctorly.de",22.7,"Series A",7.1,"WELL Health Technologies, Target Global, Google for Startups",09.11.2023,"https://www.crunchbase.com/organization/doctorly","false","Doctorly is a health tech company that offers a cloud-based practice management platform for doctors.","Simon Capital"
"Flanks","https://images.crunchbase.com/image/upload/c_pad,h_170,w_170,f_auto,b_white,q_auto:eco,dpr_1/yu4qjzmr4m3w4bm9jemz","Fintech","Spain","https://www.flanks.io/",10.7,"Series A",7.8,"Earlybird Venture Capital, JME Ventures, 4Founders Capital",18.10.2023,"https://www.crunchbase.com/organization/flanks","false","Flanks is a Spanish company specialized in providing comprehensive solutions of high added value based on financial data.","Earlybird Venture Capital"
"Fracttal","https://images.crunchbase.com/image/upload/c_pad,h_170,w_170,f_auto,b_white,q_auto:eco,dpr_1/wd8bhbzkkbamdvrd8w1d","SaaS","Spain","http://www.fracttal.com",17.4,"Series B",10,"Seaya, Start-Up Chile, Kayyak Ventures",30.10.2023,"https://www.crunchbase.com/organization/fracttal","false","Fracttal is a predictive maintenance and asset management software (CMMS/GMAO/EAM), 100% mobile, IoT enabled and fully cloud-based.","Kayyak Ventures"
"HappyPal","https://images.crunchbase.com/image/upload/c_pad,h_170,w_170,f_auto,b_white,q_auto:eco,dpr_1/ksfyjdhtlkhng1ckarsf","Fintech","France","https://happypal.fr",9.6,"Series A",7.6,"Educapital, Anthemis",21.11.2023,"https://www.crunchbase.com/organization/happypal","false","HappyPal reinvents employee perks with a SaaS and Payment solution","Educapital"
"Hivebrite","https://images.crunchbase.com/image/upload/c_pad,h_170,w_170,f_auto,b_white,q_auto:eco,dpr_1/j4byt9hamc8ajggeklm1","Education","France","https://hivebrite.io",60.4,"Series B",36.9,"Quadrille Capital, Insight Partners, Edward Filippi",18.10.2023,"https://www.crunchbase.com/organization/hivebrite","false","Hivebrite is a community engagement platform that provides tools for building, managing, and engaging communities.","Quadrille Capital"
"Lanes & Planes","https://images.crunchbase.com/image/upload/c_pad,h_170,w_170,f_auto,b_white,q_auto:eco,dpr_1/idswzddlrqluzfi2lkmx","SaaS","Germany","https://www.lanes-planes.com",45,"Series B",35,"Smash Capital, All Iron Ventures, Flixfounders",16.10.2023,"https://www.crunchbase.com/organization/tripclick-pro","false","Lanes & Planes is the Travel Management solution as Software-as-a-Service that truly maps all areas of the business travel in a digital way.","Smash Capital"
"Lassie","https://images.crunchbase.com/image/upload/c_pad,h_170,w_170,f_auto,b_white,q_auto:eco,dpr_1/tdbsoqpvsudmmuvytkdi","Insurtech","Sweden","https://www.lassie.co/",39.9,"Series B",25.3,"Inventure, Passion Capital, Philian Invest",28.11.2023,"https://www.crunchbase.com/organization/lassie","false","Lassie is a pet insurance company that offers digital pet insurance services to reduce the risk of pet injury.","Balderton Capital"
"Lottie","https://images.crunchbase.com/image/upload/c_pad,h_170,w_170,f_auto,b_white,q_auto:eco,dpr_1/rma0o5qjkoze0znui8yn","Elder Care","United Kingdom","https://lottie.org/",31.5,"Series A",20,"Kindred Capital, General Catalyst, Cold Start Ventures",09.10.2023,"https://www.crunchbase.com/organization/lottie-88ed","false","Lottie is to empower care seekers and to lead the global transformation to modern and sustainable care.","Accel"
"Mine","https://images.crunchbase.com/image/upload/c_pad,h_170,w_170,f_auto,b_white,q_auto:eco,dpr_1/mziibsbomo37daoxnwic","Cybersecurity","Israel","https://www.mineos.ai/",42.5,"Series B",30,"Gradient Ventures, MassMutual Ventures, PayPal Ventures",04.12.2023,"https://www.crunchbase.com/organization/saymine-technologies-mine","false","MineOS is the operating system for Data Privacy, Governance, & Compliance. #1 customer-rated for data mapping & DSR automation.","Battery Ventures"
"Motatos","https://images.crunchbase.com/image/upload/c_pad,h_170,w_170,f_auto,b_white,q_auto:eco,dpr_1/h6fxqa6jztmz4nspbk0o","Consumer Goods","Denmark","https://www.motatos.de",151.2,"Venture Round",43.8,"EXOR N.V., Norrsken VC, Blume Equity",20.11.2023,"https://www.crunchbase.com/organization/motatos","false","Motatos is an online retail store that offers a wide variety of food, beverages, and household products to customers.","Circularity Capital"
"Mytos","https://images.crunchbase.com/image/upload/c_pad,h_170,w_170,f_auto,b_white,q_auto:eco,dpr_1/wcg8ybinyskqbdix0zcn","Biotechnology","United Kingdom","https://www.mytos.bio/",20.8,"Series A",19,"Wing Venture Capital, Tiny VC, IQ Capital",30.11.2023,"https://www.crunchbase.com/organization/cytera-cellworks","false","Mytos is building a fully-automated cell manufacture platform for Pharma","Buckley Ventures"
"NEURA Robotics","https://images.crunchbase.com/image/upload/c_pad,h_170,w_170,f_auto,b_white,q_auto:eco,dpr_1/m7cfqbybksnbnkopp9ht","Robotics","Germany","https://neura-robotics.com/",164.6,"Venture Round",16,"Vsquared Ventures, Lingotto, HV Capital",10.10.2023,"https://www.crunchbase.com/organization/neura-robotics","false","Neura Robotics develops robotic assistants used in both industrial and daily settings to enhance robots' cognitive abilities.","InterAlpen Partners"
"Orbem","https://images.crunchbase.com/image/upload/c_pad,h_170,w_170,f_auto,b_white,q_auto:eco,dpr_1/tozwbllllznchvrfd8ct","Artificial Intelligence","Germany","https://orbem.ai/",41.8,"Series A",31.9,"La Famiglia, European Innovation Council, 83North",11.10.2023,"https://www.crunchbase.com/organization/orbem-ff8b","false","Orbem is a sensor-based AI breeding monitoring system.","83North"
"Orus","https://images.crunchbase.com/image/upload/c_pad,h_170,w_170,f_auto,b_white,q_auto:eco,dpr_1/ry3dtf3h7jcbikcoydze","Insurance","France","https://www.orus.eu",16.8,"Series A",11.7,"Notion Capital, Redstone, Portage Ventures",10.10.2023,"https://www.crunchbase.com/organization/orus-b6c4","false","Orus provides simple and transparent insurance coverage for small business owners.","Notion Capital"
"OXOLO","https://images.crunchbase.com/image/upload/c_pad,h_170,w_170,f_auto,b_white,q_auto:eco,dpr_1/xvwtacx8jzjbotoiuj9e","Artificial Intelligence","Germany","https://www.oxolo.com",13.8,"Series A",13.8,"Christian Vollmann, DN Capital, Mischa Rurup",24.10.2023,"https://www.crunchbase.com/organization/oxolo","false","OXOLO provides a varied choice of AI characters to build product films that are highly appealing to clients.","DN Capital"
"PhysicsX","https://images.crunchbase.com/image/upload/c_pad,h_170,w_170,f_auto,b_white,q_auto:eco,dpr_1/tqb02ocm5nzjieodojvv","Artificial Intelligence","United Kingdom","https://www.physicsx.ai",32,"Series A",32,"General Catalyst, NGP Energy Capital Management, Henry Kravis",27.11.2023,"https://www.crunchbase.com/organization/physicsx","false","PhysicsX is a developer of AI and simulation engineering technologies to reinvent the design and operation of machines and products.","General Catalyst"
"Poppins","https://images.crunchbase.com/image/upload/c_pad,h_170,w_170,f_auto,b_white,q_auto:eco,dpr_1/mqwcpb3azanahejqclp6","EdTech","France","https://www.poppins.io/",13.3,"Series A",8.4,"Allianz, Verve Ventures, Techstars",18.10.2023,"https://www.crunchbase.com/organization/mila-79ab","false","We digitize music therapy into engaging products for accessible technologies.","Allianz"
"Qogita","https://images.crunchbase.com/image/upload/c_pad,h_170,w_170,f_auto,b_white,q_auto:eco,dpr_1/r4rybfzzjdlsv93l5j9q","E-commerce","United Kingdom","https://www.qogita.com",124.7,"Series B",88.1,"Dawn Capital, Accel, Jibe Ventures",14.12.2023,"https://www.crunchbase.com/organization/qogita","false","Wholesale B2B platform aiming to drastically increase market efficiency and supply chain margins.","Dawn Capital"
"Quantum Systems","https://images.crunchbase.com/image/upload/c_pad,h_170,w_170,f_auto,b_white,q_auto:eco,dpr_1/zakqzkqpyodn43ca9dmf","Aerospace","Germany","https://www.quantum-systems.com/",166.6,"Series B",67.4,"Peter Thiel, European Investment Bank, DTCP",24.10.2023,"https://www.crunchbase.com/organization/quantum-systems","false","Unmanned aerial systems, drones, UAV","HV Capital"
"Raus","https://images.crunchbase.com/image/upload/c_pad,h_170,w_170,f_auto,b_white,q_auto:eco,dpr_1/jsw256giiahvqj03tvha","Travel","Germany","https://raus.life/",12.2,"Venture Round",9.1,"10x Founders, Speedinvest, NFQ Capital",09.11.2023,"https://www.crunchbase.com/organization/raus","false","Raus is a hospitality-tech startup that offers new opportunities to take a break from big city life.","ROCH Ventures"
"Retorio","https://images.crunchbase.com/image/upload/c_pad,h_170,w_170,f_auto,b_white,q_auto:eco,dpr_1/mnljadxj1drhsuqg6tvj","Machine Learning","Germany","http://www.retorio.com",9.8,"Series A",9.8,"Storm Ventures, Passion Capital, SquareOne Venture Capital",15.11.2023,"https://www.crunchbase.com/organization/retorio","false","Detect and scale winning behavior with our AI coaching","SquareOne Venture Capital"
"Risk Ledger","https://images.crunchbase.com/image/upload/c_pad,h_170,w_170,f_auto,b_white,q_auto:eco,dpr_1/eeaywa9lbg27mnp4x5py","Cybersecurity","United Kingdom","https://www.riskledger.com",12.4,"Series A",7.7,"Seedcamp, Episode 1, Lifeline Ventures",07.11.2023,"https://www.crunchbase.com/organization/risk-ledger","false","Risk Ledger is a vendor risk management platform that helps improve the security of the global supply chain ecosystem.","Mercia Ventures"
"Safi","https://images.crunchbase.com/image/upload/c_pad,h_170,w_170,f_auto,b_white,q_auto:eco,dpr_1/hv4k9gmzslrph27du4mf","Marketplace","United Kingdom","https://www.safi.co",25,"Series A",19.5,"Lowercarbon Capital, Giant Ventures, Passion Capital",24.11.2023,"https://www.crunchbase.com/organization/truecircle","false","Safi (previously TrueCircle) is building a marketplace to support waste processing facilities in selling the verified material they reclaim.","Nosara Capital"
"ScaleOps","https://images.crunchbase.com/image/upload/c_pad,h_170,w_170,f_auto,b_white,q_auto:eco,dpr_1/p0apqfbrtw8nbhzrwefh","ERP","Israel","https://scaleops.com",21.5,"Series A",15,"Glilot Capital Partners, Lightspeed Venture Partners, NFX",19.12.2023,"https://www.crunchbase.com/organization/scaleops-9685","false","ScaleOps is a workload optimization platform developer focused on streamlining a new Kubernetes experience for engineering teams.","Lightspeed Venture Partners"
"Silverflow","https://images.crunchbase.com/image/upload/c_pad,h_170,w_170,f_auto,b_white,q_auto:eco,dpr_1/ncgaqkycohsbwo2x1pj4","Fintech","The Netherlands","https://www.silverflow.co/",36.4,"Series A",16.3,"Crane Venture Partners, Inkef, Coatue",16.11.2023,"https://www.crunchbase.com/organization/silverflow","false","Silverflow is a payment processing technology company that provides direct card-network access to payment service providers.","Global PayTech Ventures"
"Sparta","https://images.crunchbase.com/image/upload/c_pad,h_170,w_170,f_auto,b_white,q_auto:eco,dpr_1/nxxqlad5finzcwlogwcf","SaaS","Switzerland","https://spartacommodities.com/",23.5,"Series A",17.5,"Singular, FirstMark",03.10.2023,"https://www.crunchbase.com/organization/sparta-commodities","false","Sparta provides oil traders with the most relevant and actionable data to make faster and smarter trading decisions.","FirstMark"
"Tabnine","https://images.crunchbase.com/image/upload/c_pad,h_170,w_170,f_auto,b_white,q_auto:eco,dpr_1/ogku1tpisbnwok8wga8e","SaaS","Israel","https://www.tabnine.com/",57.1,"Series B",25,"OurCrowd, Qualcomm Ventures, Elaia",08.11.2023,"https://www.crunchbase.com/organization/tabnine","false","Tabnine is an AI coding assistant that accelerates and simplifies the software development process without sacrificing privacy and security.","Titanium Ventures"
"Tacto","https://images.crunchbase.com/image/upload/c_pad,h_170,w_170,f_auto,b_white,q_auto:eco,dpr_1/mm6kwuda8k5bduzehryv","SaaS","Germany","https://tacto.ai",60.9,"Series A",53.8,"Sequoia Capital, Index Ventures, Hanno Renner",11.12.2023,"https://www.crunchbase.com/organization/tacto-e620","false","Tacto optimizes procurement, ensuring compliance, sustainability, and efficient material sourcing for mid-sized industrial firms.","Index Ventures"
"Unitary","https://images.crunchbase.com/image/upload/c_pad,h_170,w_170,f_auto,b_white,q_auto:eco,dpr_1/vruvffxzfqefj0km4daj","Artificial Intelligence","United Kingdom","https://unitary.ai",24.6,"Series A",15,"Creative Destruction Lab (CDL), Entrepreneur First, Google for Startups",03.10.2023,"https://www.crunchbase.com/organization/unitary","false","Unitary builds context-aware AI and multimodal machine learning approaches to analyze content in context.","Creandum"
"Upciti","https://images.crunchbase.com/image/upload/c_pad,h_170,w_170,f_auto,b_white,q_auto:eco,dpr_1/gul2kzfquaipmotddkij","Analytics","France","https://www.upciti.com/",11.9,"Venture Round",6.4,"Innovacom, Demeter Partners, Chalfen Ventures",08.11.2023,"https://www.crunchbase.com/organization/upciti","false","Upciti provider of precise, localized and real-time data for smart cities and smart retailers.","Point Nine"
"Upway","https://images.crunchbase.com/image/upload/c_pad,h_170,w_170,f_auto,b_white,q_auto:eco,dpr_1/bkicjosclhqzugu4ulmp","E-commerce","France","https://upway.fr/",60.6,"Series B",30,"Sequoia Capital, Exor Ventures, Korelya Capital",16.11.2023,"https://www.crunchbase.com/organization/upway","false","Upway is building Europe's leading marketplace for reconditioned e-bikes.","Korelya Capital"
"Urban Sports Club","https://images.crunchbase.com/image/upload/c_pad,h_170,w_170,f_auto,b_white,q_auto:eco,dpr_1/ogd4zrt9lpvrrwmedxeb","Fitness","Germany","https://urbansportsclub.com/",199.6,"Venture Round",104.4,"Rocket Internet, Verdane, Inkef",14.12.2023,"https://www.crunchbase.com/organization/urban-sports","false","Urban Sports offers a monthly flat rate for all kinds of sports activities in the city.","Verdane"
"VectorY","https://images.crunchbase.com/image/upload/c_pad,h_170,w_170,f_auto,b_white,q_auto:eco,dpr_1/leadjmsyy2hu3mfetmju","Biotechnology","The Netherlands","https://www.vectorytx.com/",175.6,"Series A",138,"Benhamou Global Ventures, MRL Ventures Fund, Forbion Capital Partners",13.11.2023,"https://www.crunchbase.com/organization/vectory","false","VectorY is an integrated gene therapy company focused on development of therapeutics for CNS, somatic disorders and muscle diseases.","EQT Life Sciences"
"Vulcan Cyber","https://images.crunchbase.com/image/upload/c_pad,h_170,w_170,f_auto,b_white,q_auto:eco,dpr_1/vhwd11ctrcl6pdkzc6t4","Cybersecurity","Israel","https://vulcan.io",69,"Series B",34,"Dawn Capital, Ten Eleven Ventures, YL Ventures",15.11.2023,"https://www.crunchbase.com/organization/vulcan-cyber","false","Vulcan Cyber is the creator of a vulnerability repair platform aimed at reducing cyber threats.","Maor Investments"
"1X","https://images.crunchbase.com/image/upload/c_pad,h_170,w_170,f_auto,b_white,q_auto:eco,dpr_1/v0rfkldevrbcyjkni8vs","AI Robotics","Norway","https://www.1x.tech",135.4,"Series B",99.9,"OpenAI Startup Fund, Type One Ventures, Tiger Global Management",11.01.2024,"https://www.crunchbase.com/organization/halodi-robotics","false","1X is an AI and robotics company that designs and develops humanoid robots to address global labor needs.","EQT Ventures"
"Adaptive","https://images.crunchbase.com/image/upload/c_pad,h_170,w_170,f_auto,b_white,q_auto:eco,dpr_1/fih71x3hcg6ygflikepk","AI Data Annotation","The Netherlands","https://www.adaptive-ml.com/",20,"Series A",20,"Databricks Ventures, Financiere Saint James, Index Ventures",11.03.2024,"https://www.crunchbase.com/organization/adaptive-f6c0","false","Adaptive enables firms to iterate on their AI applications without relying on external data or annotation.","Index Ventures"
"Aegir Insights","https://images.crunchbase.com/image/upload/c_pad,h_170,w_170,f_auto,b_white,q_auto:eco,dpr_1/xh2s0r79whgnpxi2d7js","Software","Denmark","https://www.aegirinsights.com",9.1,"Series A",9.1,"Seaya, Climentum Capital, Jon Erik Reinhardsen",13.02.2024,"https://www.crunchbase.com/organization/aegir","false","Aegir Insights helps clients make better decisions about offshore wind investments, faster.","Seaya"
"Airthium","https://images.crunchbase.com/image/upload/c_pad,h_170,w_170,f_auto,b_white,q_auto:eco,dpr_1/v1503423190/hbk5jk03rluo7u9mwpig.png","Energy Storage","France","https://www.airthium.com",5.3,"Venture Round",3.2,"Y Combinator, EREN Groupe, Polytechnique Ventures",26.03.2024,"https://www.crunchbase.com/organization/airthium","false","Airthium guarantee the availability of solar and wind energy, all year long, making seasonal storage a reality.","Y Combinator"
"AQEMIA","https://images.crunchbase.com/image/upload/c_pad,h_170,w_170,f_auto,b_white,q_auto:eco,dpr_1/qfwiyqyenbzrtitaqqwi","Drug Discovery","France","http://www.aqemia.com/",64.1,"Series A",32.5,"Eurazeo, Bpifrance, Elaia",30.01.2024,"https://www.crunchbase.com/organization/aqemia","false","Drug discovery - Pharma 3.0","Wendel Growth"
"Arga Medtech","https://images.crunchbase.com/image/upload/c_pad,h_170,w_170,f_auto,b_white,q_auto:eco,dpr_1/vwy7c7anj0ga7xgki0vx","Cardiac Hardware","Switzerland","https://argamedtech.com",58.5,"Series B",58.5,"Earlybird Venture Capital, Advent Life Sciences, Gilde Healthcare",27.02.2024,"https://www.crunchbase.com/organization/argÃ¡-medtech","false","Arga Medtech is an Innovative Cardiac Ablation System for treating cardiac arrhythmias.","Earlybird Venture Capital"
"Artificial Labs","https://images.crunchbase.com/image/upload/c_pad,h_170,w_170,f_auto,b_white,q_auto:eco,dpr_1/v1506095594/ej56bcbdcu0buvx05xxw.jpg","Insurtech","United Kingdom","http://artificial.io",25.9,"Series A",10.1,"Augmentum Fintech, Alma Mundi Ventures, MS&AD Ventures",06.02.2024,"https://www.crunchbase.com/organization/artificial-labs","false","Artificial is building the next generation of insurance technology to empower commercial insurers to write better risks, faster.","Augmentum Fintech"
"Baseimmune","https://images.crunchbase.com/image/upload/c_pad,h_170,w_170,f_auto,b_white,q_auto:eco,dpr_1/olnwupikgxc8aekzqlan","Biotech","United Kingdom","https://www.baseimmune.co.uk/",17.1,"Series A",11.4,"IQ Capital, Maki.vc, Creator Fund",26.02.2024,"https://www.crunchbase.com/organization/baseimmune","false","Baseimmune is a biotech startup founded to create the next generation of vaccines.","IQ Capital"
"Bene Bono","https://images.crunchbase.com/image/upload/c_pad,h_170,w_170,f_auto,b_white,q_auto:eco,dpr_1/xekfbddrzk8afb3lw9q1","Fresh Food Marketplace","France","https://benebono.fr/",19.2,"Series A",10.9,"AXA Venture Partners, Stride.VC, Tet Ventures",05.03.2024,"https://www.crunchbase.com/organization/hors-normes","false","Bene Bono is an online store that provides seasonal fruit and vegetable products.","AXA Venture Partners"
"bezahl.de","https://images.crunchbase.com/image/upload/c_pad,h_170,w_170,f_auto,b_white,q_auto:eco,dpr_1/b8zbdx6zy8grme1c997x","Fintech","Germany","https://www.bezahl.de",41.4,"Series B",24.1,"Motive Partners, Seaya, PayPal Ventures",20.03.2024,"https://www.crunchbase.com/organization/bezahl","false","NX Technologies provides digital and automated payment management and solutions.","PayPal Ventures"
"Bria","https://images.crunchbase.com/image/upload/c_pad,h_170,w_170,f_auto,b_white,q_auto:eco,dpr_1/qhm9vv1vwoo0ej7wjd1d","Gen AI","Israel","https://bria.ai",26.5,"Series A",24,"Getty Images,Entrée Capital, Publicis Groupe",21.02.2024,"https://www.crunchbase.com/organization/bria-8f2b","false","Addressing the challenges of implementing Visual Generative AI for commercial use across all departments.","Entrée Capital"
"Candela","https://images.crunchbase.com/image/upload/c_pad,h_170,w_170,f_auto,b_white,q_auto:eco,dpr_1/uipus74bpk5yxyxk4n3w","Electric Vehicles","Sweden","http://candela.com",74.1,"Venture Round",26.6,"EQT Ventures, Groupe Beneteau, Ocean Zero",19.03.2024,"https://www.crunchbase.com/organization/candela-a-stantec-company","false","Candela provides sustainable electric hydrofoil vessels that deliver shorter travel times and more comfort than traditional ships.","Groupe Beneteau"
"CEEZER","https://images.crunchbase.com/image/upload/c_pad,h_170,w_170,f_auto,b_white,q_auto:eco,dpr_1/uubda0obqapp4dsx72vb","Marketplace","Germany","https://www.ceezer.earth",16.3,"Series A",11.2,"Norrsken VC, Carbon Removal Partners, Picus Capital",25.01.2024,"https://www.crunchbase.com/organization/ceezer","false","CEEZER is a digital platform offering companies easy, secure, direct access to top-quality projects across the voluntary carbon market.","HV Capital"
"CloudTalk","https://images.crunchbase.com/image/upload/c_pad,h_170,w_170,f_auto,b_white,q_auto:eco,dpr_1/rp20mtlxt17ypfkrr0hs","Software","Slovakia","https://www.cloudtalk.io/",36.7,"Series B",28,"Presto Ventures, henQ, Lead Ventures",17.01.2024,"https://www.crunchbase.com/organization/cloudtalk-io","false","Next-gen business calling software.","KPN Ventures"
"D2X Group","https://images.crunchbase.com/image/upload/c_pad,h_170,w_170,f_auto,b_white,q_auto:eco,dpr_1/fekwradiwagcsjhkupgw","Blockchain","The Netherlands","https://d2x.com",16,"Series A",10,"Point72 Ventures, GSR, Flow Traders",14.03.2024,"https://www.crunchbase.com/organization/d2x-group","false","The Secure Gateway to Digital Assets.","Point72 Ventures"
"Daedalus","https://images.crunchbase.com/image/upload/c_pad,h_170,w_170,f_auto,b_white,q_auto:eco,dpr_1/hvnxpcra0qkuqgsxhx3c","Manufacturing","Germany","https://daedalus.de/",41,"Series A",20.9,"Y Combinator, NGP Capital, Khosla Ventures",08.02.2024,"https://www.crunchbase.com/organization/daedalus-6017","false","Daedalus builds and operates the world's most advanced factories for precision components.","NGP Capital"
"DataSnipper","https://images.crunchbase.com/image/upload/c_pad,h_170,w_170,f_auto,b_white,q_auto:eco,dpr_1/oi1wp6upvdiecczlywak","Software","The Netherlands","https://www.datasnipper.com",100,"Series B",100,"Insight Partners, Index Ventures,",01.02.2024,"https://www.crunchbase.com/organization/datasnipper","false","DataSnipper is a financial audit company that provides an AI-powered intelligent automation platform in Excel.","Index Ventures"
"Electra","https://images.crunchbase.com/image/upload/c_pad,h_170,w_170,f_auto,b_white,q_auto:eco,dpr_1/tfikicfisbbuy7lojcmh","Infrastructure","France","https://www.go-electra.com",517.5,"Series B",332.7,"Eurazeo, Bpifrance, Frst",15.01.2024,"https://www.crunchbase.com/organization/electra-9c53","false","Electra is an electric vehicle charging company that specializes in deploying and operating charging points for electric vehicles.","Bpifrance"
"Embat","https://images.crunchbase.com/image/upload/c_pad,h_170,w_170,f_auto,b_white,q_auto:eco,dpr_1/pyf7rub6uqqmgbcvmfub","Fintech","Spain","https://www.embat.io",23,"Series A",15.9,"Pleo, iZettle, Klarna",27.02.2024,"https://www.crunchbase.com/organization/embat","false","Embat automates treasury with AI for accounting, payments, and cash forecasting.","Creandum"
"Eye Security","https://images.crunchbase.com/image/upload/c_pad,h_170,w_170,f_auto,b_white,q_auto:eco,dpr_1/bnavozwn6noixbcziyue","Cybersecurity","The Netherlands","https://eye.security",61.9,"Series B",39.4,"Bessemer Venture Partners, TIIN Capital, J.P. Morgan Growth",10.03.2024,"https://www.crunchbase.com/organization/eye-e4c4","false","Eye Security is a cybersecurity and InsurTech firm that provides cybersecurity measures for SMEs.","J.P. Morgan Growth"
"Filigran","https://images.crunchbase.com/image/upload/c_pad,h_170,w_170,f_auto,b_white,q_auto:eco,dpr_1/grjg91jg0ew6a9v1brkm","Cybersecurity","France","https://filigran.io",21.7,"Series A",16.3,"Moonfire Ventures, CMA CGM Ventures, Accel",28.02.2024,"https://www.crunchbase.com/organization/filigran","false","Filigran is a cybersecurity company that develops an open-source threat intelligence management platform.","Accel"
"Finoa","https://images.crunchbase.com/image/upload/c_pad,h_170,w_170,f_auto,b_white,q_auto:eco,dpr_1/glmig5owxgmam6kh2b48","Blockchain","Germany","https://finoa.io/",40.2,"Venture Round",8.2,"Maven 11 Capital, coparion, Middlegame Ventures",09.01.2024,"https://www.crunchbase.com/organization/finoa","false","Finoa is a regulated custodian for digital assets offering custody and staking services to institutional investors and corporations.","Balderton Capital"
"Finom","https://images.crunchbase.com/image/upload/c_pad,h_170,w_170,f_auto,b_white,q_auto:eco,dpr_1/joxeuelr5clvrtukvpmd","Spend Management","The Netherlands","https://finom.co",108.6,"Series B",54.4,"Target Global,Entrée Capital, General Catalyst",17.01.2024,"https://www.crunchbase.com/organization/finom-e735","false","Finom provides financial solutions for entrepreneurs, self-employed, and freelancers.","General Catalyst"
"Flowdesk","https://images.crunchbase.com/image/upload/c_pad,h_170,w_170,f_auto,b_white,q_auto:eco,dpr_1/cp7tuovomuuygdb08igx","Blockchain","France","https://flowdesk.co",80,"Series B",50,"Coinbase, Ripple, Impossible Finance",18.01.2024,"https://www.crunchbase.com/organization/flowdesk","false","Flowdesk is a crypto-financial service company building a trading infrastructure providing market-making services for web3 players.","Cathay Innovation"
"Flower Labs","https://images.crunchbase.com/image/upload/c_pad,h_170,w_170,f_auto,b_white,q_auto:eco,dpr_1/c5qxwu8gbo0kd5epwkiu","AI Learning Framework","Germany","https://flower.dev",23.6,"Series A",20,"Betaworks, Y Combinator, Clement Delangue",15.02.2024,"https://www.crunchbase.com/organization/flower-1de8","false","Flower is a federated learning, analytics, and evaluation platform.","Felicis"
"General Index","https://images.crunchbase.com/image/upload/c_pad,h_170,w_170,f_auto,b_white,q_auto:eco,dpr_1/gzxlrzwfamqmadxnfwv4","Index Provider","United Kingdom","http://www.general-index.com",21.1,"Series A",12.1,"The Twenty Minute VC, Chalfen Ventures,",01.02.2024,"https://www.crunchbase.com/organization/general-index","false","The new alternative to traditional Price Reporting Agencies. Founded in response to industry demand for more transparency within the market.","The Twenty Minute VC"
"Griffin","https://images.crunchbase.com/image/upload/c_pad,h_170,w_170,f_auto,b_white,q_auto:eco,dpr_1/ctfathuunftznjn29dj4","Fintech","United Kingdom","https://griffin.com/",65.6,"Series A",24.4,"Seedcamp, Google for Startups, Notion Capital",11.03.2024,"https://www.crunchbase.com/organization/griffin-3","false","Griffin is a banking-as-a-service provider that helps companies build and launch financial services products.","Breega"
"Heart Aerospace","https://images.crunchbase.com/image/upload/c_pad,h_170,w_170,f_auto,b_white,q_auto:eco,dpr_1/dhxkaffkgmo9dk0pnaxq","Electric Vehicles","Sweden","https://heartaerospace.com/",144.3,"Series B",107,"Breakthrough Energy Ventures, Mesa Air Group, Lowercarbon Capital",01.02.2024,"https://www.crunchbase.com/organization/heart-aerospace","false","Heart Aerospace is a Swedish startup making electric regional airplanes.","Breakthrough Energy Ventures"
"Hyperexponential","https://images.crunchbase.com/image/upload/c_pad,h_170,w_170,f_auto,b_white,q_auto:eco,dpr_1/th5lhxyssojvpw7xol5i","Insurtech","United Kingdom","https://www.hyperexponential.com",91,"Series B",73,"Andreessen Horowitz, Highland Europe, Battery Ventures",11.01.2024,"https://www.crunchbase.com/organization/hyperexponential","false","Hyperexponential is a provider of pricing decision intelligence (PDI) software for the commercial insurance sector.","Battery Ventures"
"Imperia","https://images.crunchbase.com/image/upload/c_pad,h_170,w_170,f_auto,b_white,q_auto:eco,dpr_1/t0ujpne3t1wxtdjz927i","Demand Planning","Spain","https://www.imperiascm.com",3.6,"Venture Round",3.3,"Maex Ament, Samaipata, All Iron Ventures",20.03.2024,"https://www.crunchbase.com/organization/imperia-e704","false","Software solution focused on the management and optimization of the demand planning and forecasting process. Make it easy!","Samaipata"
"Jow","https://images.crunchbase.com/image/upload/c_pad,h_170,w_170,f_auto,b_white,q_auto:eco,dpr_1/wgkotlooulkkdb75msea","Food Delivery","France","https://www.jow.fr/",40.6,"Series A",13,"The Family, Eurazeo, Aglae Ventures",08.02.2024,"https://www.crunchbase.com/organization/jow","false","Jow automates grocery shopping based on recipes, directly adding items for pickup or delivery.","Northzone"
"Kiln","https://images.crunchbase.com/image/upload/c_pad,h_170,w_170,f_auto,b_white,q_auto:eco,dpr_1/e3ysxa7r5reu1rfycfso","Blockchain","France","https://www.kiln.fi/",39.6,"Series A",17,"LBank, ConsenSys, GSR",18.01.2024,"https://www.crunchbase.com/organization/kiln-60d9","false","Kiln creates an enterprise-level pledge platform and provides one-click pledge services for encrypted assets.","1kx"
"Kinvent","https://images.crunchbase.com/image/upload/c_pad,h_170,w_170,f_auto,b_white,q_auto:eco,dpr_1/xsxzu0rxnoluyjoxd6jn","Sports Hardware","France","http://www.k-invent.com",24.2,"Series B",17.4,"Eurazeo, Bpifrance, Les Business Angels des Grandes Ecoles",18.01.2024,"https://www.crunchbase.com/organization/kinvent","false","Assessment and training technologies in rehabilitation and sports biomechanics producing innovative measuring and medical device","Eurazeo"
"Kittl","https://images.crunchbase.com/image/upload/c_pad,h_170,w_170,f_auto,b_white,q_auto:eco,dpr_1/q455oknupcadaqm9d146","Design Platform","Germany","https://www.kittl.com",49.7,"Series B",36,"Left Lane Capital, Joyance Partners, IVP",24.01.2024,"https://www.crunchbase.com/organization/heritage-type","false","Kittl is a design platform that allows creatives to create personal and commercial designs.","IVP"
"Lago","https://images.crunchbase.com/image/upload/c_pad,h_170,w_170,f_auto,b_white,q_auto:eco,dpr_1/z6idkoznwmopqppzbndc","Billing Tool","France","http://www.getlago.com",22.1,"Series A",15,"SignalFire, Script Capital, Clement Delangue",14.03.2024,"https://www.crunchbase.com/organization/getlago","false","Open Source Billing API for Product-Led SaaS","FirstMark"
"Lapse","https://images.crunchbase.com/image/upload/c_pad,h_170,w_170,f_auto,b_white,q_auto:eco,dpr_1/uzzslk4xkq0q9m4uo4wz","Social Media","United Kingdom","https://beta.lapse.app/",42.3,"Series A",30,"Octopus Ventures, Google Ventures, Redbus Ventures",27.02.2024,"https://www.crunchbase.com/organization/lapse","false","Lapse is a social disposable camera app.","Greylock"
"Metaview","https://images.crunchbase.com/image/upload/c_pad,h_170,w_170,f_auto,b_white,q_auto:eco,dpr_1/iwntdretyj9yhsfh8l6f","Recruting","United Kingdom","https://www.metaview.ai",14.6,"Series A",7,"Barney Hussey, Seedcamp, Vertex Ventures",28.03.2024,"https://www.crunchbase.com/organization/metaview","false","The Recruiting Assistance Platform","Plural VC"
"Mindgram","https://images.crunchbase.com/image/upload/c_pad,h_170,w_170,f_auto,b_white,q_auto:eco,dpr_1/p7mhkhfu5ov8wuu8brkv","Mental Wellness","Poland","https://mindgram.com/",12.6,"Series A",2.7,"Market One Capital, PortfoLion Capital Partners, Credo Ventures",14.02.2024,"https://www.crunchbase.com/organization/mindgram","false","Mindgram is a science-based platform and mobile app for complete mental wellness.","Smartlink Partners"
"Monta","https://images.crunchbase.com/image/upload/c_pad,h_170,w_170,f_auto,b_white,q_auto:eco,dpr_1/kfy7adhfb3p6udxjtmxf","Electric Vehicles","Denmark","https://monta.com",139.9,"Series B",86.9,"Creandum, Energize Capital, Pale blue dot",23.01.2024,"https://www.crunchbase.com/organization/monta","false","Monta is the operating platform powering the EV charging ecosystem serving drivers, companies, cities, and the electricity grid.","GreenPoint Partners"
"Morressier","https://images.crunchbase.com/image/upload/c_pad,h_170,w_170,f_auto,b_white,q_auto:eco,dpr_1/p6flyvfrgshyifjjobw2","Events Management","Germany","https://www.morressier.com",40.6,"Series B",16.4,"Molten Ventures, redalpine, Owl Ventures",23.01.2024,"https://www.crunchbase.com/organization/morressier","false","Morressier is your partner in early-stage and conference research, extending the value of your event long after it's over.","Molten Ventures"
"Multiverse","https://images.crunchbase.com/image/upload/c_pad,h_170,w_170,f_auto,b_white,q_auto:eco,dpr_1/s1aynpel5zfgbw2n013o","Edtech","United Kingdom","https://www.multiverse.io",419,"Venture Round",5,"23andMe, Bond, General Catalyst",22.03.2024,"https://www.crunchbase.com/organization/whitehat","false","Multiverse is a tech startup that matches talent who have not graduated from college with apprenticeship opportunities.","General Catalyst"
"Necture","https://images.crunchbase.com/image/upload/c_pad,h_170,w_170,f_auto,b_white,q_auto:eco,dpr_1/jy997scyfbpdw5glfrfx","Mobility","Austria","https://www.necture.com/",11.7,"Series A",6,"Verbund X Ventures, Speedinvest, IMPACT Accelerator",13.03.2024,"https://www.crunchbase.com/organization/parkbob","false","NECTURE empowers businesses to unlock the full potential of fleets, seamlessly bridging the gap between mobility and energy.","Verbund X Ventures"
"Neotaste","https://images.crunchbase.com/image/upload/c_pad,h_170,w_170,f_auto,b_white,q_auto:eco,dpr_1/ndzwqtxxste1uuvv579o","Gastronomy","Germany","https://neotaste.app",22.9,"Series A",16.4,"Earlybird Venture Capital, Burda Principal Investments, Kajetan Uhlig",14.03.2024,"https://www.crunchbase.com/organization/neotaste","false","Neotaste is the developer of the restaurant-finding app that provides free marketing services for restaurateurs.","Earlybird Venture Capital"
"Neurescue","https://images.crunchbase.com/image/upload/c_pad,h_170,w_170,f_auto,b_white,q_auto:eco,dpr_1/tqivnaabwwmm70juvj9x","Medical Devices","Denmark","http://www.neurescue.com/",10.9,"Series A",7.2,"Nina Capital, Seed Capital, West Hill Capital",02.02.2024,"https://www.crunchbase.com/organization/neurescue","false","Neurescue, a medical device manufacturer based in Denmark, is developing cardiovascular devices to help emergency patients.","West Hill Capital"
"Orbital Materials","https://images.crunchbase.com/image/upload/c_pad,h_170,w_170,f_auto,b_white,q_auto:eco,dpr_1/nnt7zenq38q56vnmq0ga","Advanced Materials","United Kingdom","https://orbitalmaterials.com/",16,"Series A",16,"Radical Ventures, Compound, Toyota Ventures",21.02.2024,"https://www.crunchbase.com/organization/orbital-materials","false","Building novel solutions for clean air, water and energy with AI.","Radical Ventures"
"Paack","https://images.crunchbase.com/image/upload/c_pad,h_170,w_170,f_auto,b_white,q_auto:eco,dpr_1/n0iaundsums4si281npq","Logistics","Spain","https://paack.co/",351.3,"Venture Round",10.8,"InfraVia Capital Partners, Unbound, BBVA",09.02.2024,"https://www.crunchbase.com/organization/paack-2","false","The most advanced tech-enabled delivery solution ensuring the best-in-class sustainable delivery experience.","Next Tech Fund"
"Packfleet","https://images.crunchbase.com/image/upload/c_pad,h_170,w_170,f_auto,b_white,q_auto:eco,dpr_1/zofzmlvix3kalutqiuj5","Logistics","United Kingdom","https://packfleet.com/",22.1,"Series A",10.3,"Creandum, General Catalyst, Voyager Ventures",11.03.2024,"https://www.crunchbase.com/organization/packfleet","false","Zero carbon deliveries that feel like magic","General Catalyst"
"Packmatic","https://images.crunchbase.com/image/upload/c_pad,h_170,w_170,f_auto,b_white,q_auto:eco,dpr_1/pyov5gvazrsuggy5rsqe","Supply Chain Management","Germany","https://www.packmatic.io/",16.3,"Series A",16.3,"xdeck, EQT Ventures, Christian Vollmann",24.01.2024,"https://www.crunchbase.com/organization/packmatic","false","Packmatic is a digital product packaging platform that sources packing solutions.","EQT Ventures"
"Photoroom","https://images.crunchbase.com/image/upload/c_pad,h_170,w_170,f_auto,b_white,q_auto:eco,dpr_1/zbyeii0vw9ij2vreziou","Photo Editing","France","https://photoroom.com",62.1,"Series B",43,"Meta, Hugging Face, Y Combinator",27.02.2024,"https://www.crunchbase.com/organization/photoroom","false","Photoroom is an AI-enabled image capturing app that lets users create studio-quality product pictures in seconds.","Balderton Capital"
"Planet A Foods","https://images.crunchbase.com/image/upload/c_pad,h_170,w_170,f_auto,b_white,q_auto:eco,dpr_1/pzazv3vsaf9lzwpqzx7u","Food and Beverage","Germany","https://planet-a-foods.com",43.3,"Series A",15.4,"World Fund, Cherry Ventures, Fifty Years",01.02.2024,"https://www.crunchbase.com/organization/qoa","false","Planet A Foods is a B2B sustainable ingredients company that specializes in the production of cocoa-free chocolate.","World Fund"
"Qdrant","https://images.crunchbase.com/image/upload/c_pad,h_170,w_170,f_auto,b_white,q_auto:eco,dpr_1/yjyzdq1lrdqxwjmafg6o","Database","Germany","https://qdrant.tech",37.8,"Series A",28,"Unusual Ventures, IBB Ventures, 42CAP",23.01.2024,"https://www.crunchbase.com/organization/qdrant","false","Qdrant is an open-source vector search engine and database for next-generation AI applications.","Spark Capital"
"QphoX","https://images.crunchbase.com/image/upload/c_pad,h_170,w_170,f_auto,b_white,q_auto:eco,dpr_1/wk41femvd2czbxv6zv9n","Quantum Computing","The Netherlands","https://www.qphox.eu/",11.1,"Venture Round",8.7,"European Innovation Council, Quantonation, HTGF | High-Tech Gruenderfonds",17.01.2024,"https://www.crunchbase.com/organization/qphox","false","QphoX builds quantum modem device, connecting quantum computers across a quantum network.","QDNL Participations"
"Rabot Charge","https://images.crunchbase.com/image/upload/c_pad,h_170,w_170,f_auto,b_white,q_auto:eco,dpr_1/d0zoi1exzehu9ewqzbko","Electric Vehicles","Germany","https://www.rabot-charge.de/",23.7,"Series A",18.9,"All Iron Ventures, 9900 Capital, Yabeo",31.01.2024,"https://www.crunchbase.com/organization/rabot-charge","false","Rabot Charge offers charging management solutions for customers to charge their electric cars at home.","HV Capital"
"RobCo","https://images.crunchbase.com/image/upload/c_pad,h_170,w_170,f_auto,b_white,q_auto:eco,dpr_1/bncxtyatxyo84nsjzpo3","Industrial Automation","Germany","https://www.robco.de/en",60.5,"Series B",43,"Sequoia Capital, Kindred Capital, Promus Ventures",26.02.2024,"https://www.crunchbase.com/organization/robco","false","Robotics to Solve Labor Shortage","Lightspeed Venture Partners"
"Sano Genetics","https://images.crunchbase.com/image/upload/c_pad,h_170,w_170,f_auto,b_white,q_auto:eco,dpr_1/nlmnr9iqex0c9n6wtm8c","Biotech","United Kingdom","https://www.sanogenetics.com",26.5,"Series A",11.4,"Google for Startups, Seedcamp, Parkwalk Advisors",22.01.2024,"https://www.crunchbase.com/organization/heterogeneous","false","Sano Genetics is a molecular diagnostics company that specializes in developing and commercializing genetic tests for inherited diseases.","Plural Platform"
"SAPI","https://images.crunchbase.com/image/upload/c_pad,h_170,w_170,f_auto,b_white,q_auto:eco,dpr_1/n2q6fqpqgqcs5bbm6k4d","Fintech","United Kingdom","http://sapi.com/",9.6,"Venture Round",9.6,"Fortress Investment Group, Passion Capital, Nadav Ben-Chanoch",12.03.2024,"https://www.crunchbase.com/organization/sapigroup","false","Our embedded finance loan-product-as-a-service enable payment companies and platforms to offer SME loan products to their business clients.","Passion Capital"
"Steadybit","https://images.crunchbase.com/image/upload/c_pad,h_170,w_170,f_auto,b_white,q_auto:eco,dpr_1/pldxenzmk8nwn2lmhzrn","Developer Tools","Germany","https://www.steadybit.com/",13.8,"Series A",6,"boldstart ventures, Paladin Capital Group, Angular Ventures",11.03.2024,"https://www.crunchbase.com/organization/steadybit","false","Steadybit goes beyond Chaos Engineering. Organizations from eCommerce, SaaS, financial services and global enterprises choose Steadybit.","Paladin Capital Group"
"TheyDo","https://images.crunchbase.com/image/upload/c_pad,h_170,w_170,f_auto,b_white,q_auto:eco,dpr_1/kzap08bxhr3rps70yrmv","Software","The Netherlands","https://www.theydo.com/",48.8,"Series A",33.8,"Steven Van Belleghem, Blossom Capital, The Twenty Minute VC",14.03.2024,"https://www.crunchbase.com/organization/theydo","false","TheyDo is a journey management platform designed to help companies with their journey mapping, frameworks and prioritization.","Blossom Capital"
"Transmutex SA","https://images.crunchbase.com/image/upload/c_pad,h_170,w_170,f_auto,b_white,q_auto:eco,dpr_1/ey9d0myelfpbocd59qff","Energy","Switzerland","https://www.transmutex.com/",31.7,"Series A",23.2,"Verve Ventures, Union Square Ventures, Tiny VC",29.01.2024,"https://www.crunchbase.com/organization/transmutex","false","Transmutex will reduce stockpile of nuclear waste by 99% while producing profitable carbon-free energy.","Union Square Ventures"
"Vertice","https://images.crunchbase.com/image/upload/c_pad,h_170,w_170,f_auto,b_white,q_auto:eco,dpr_1/kszhwadg4nqixpzuvxpk","Software Procurement","United Kingdom","https://www.vertice.one",51,"Series B",25,"83North, Bessemer Venture Partners, Tom Ryan",17.01.2024,"https://www.crunchbase.com/organization/vertice-9c2f","false","Vertice provides a SaaS purchasing solution that helps businesses save on their annual software expenditure.","Bessemer Venture Partners"
"VOI Technology","https://images.crunchbase.com/image/upload/c_pad,h_170,w_170,f_auto,b_white,q_auto:eco,dpr_1/kba4ycywhaocmyi9ttdg","Mobility","Sweden","https://www.voi.com",540.6,"Venture Round",25,"Creandum, The Raine Group, Justin Mateen",12.03.2024,"https://www.crunchbase.com/organization/voi-technology","false","VOI Technology is a micro-mobility company that provides rental electric scooters for last-mile transportation.","The Raine Group"
"WealthKernel","https://images.crunchbase.com/image/upload/c_pad,h_170,w_170,f_auto,b_white,q_auto:eco,dpr_1/thrywkfwg0lexlgg0nfh","Fintech","United Kingdom","http://www.wealthkernel.com/",21.5,"Series A",7.6,"Google for Startups, Seedcamp, XTX Ventures",24.01.2024,"https://www.crunchbase.com/organization/wealthkernel","false","WealthKernel is a supplier of infrastructure for companies looking to offer digital investment services.","ETFS Capital"
"Zen Educate","https://images.crunchbase.com/image/upload/c_pad,h_170,w_170,f_auto,b_white,q_auto:eco,dpr_1/irt38e8h0ojwkjkzy7jv","Edtech","United Kingdom","http://www.zeneducate.com",71.5,"Series B",37,"Ascension Ventures, Brighteye Ventures, FJ Labs",21.02.2024,"https://www.crunchbase.com/organization/zen-educate","false","Zen Educate is an online platform to connect supply teachers with openings in schools.","Round2 Capital Partners"
"Agora","https://images.crunchbase.com/image/upload/c_pad,h_170,w_170,f_auto,b_white,q_auto:eco,dpr_1/vipfmvb91hozkdil7vke","Real Estate","Israel","http://agorareal.com",63.9,"Series B",34,"Fusion, Aleph, RiverPark Ventures",16.05.2024,"https://www.crunchbase.com/organization/agora-real-estate-technologies","false","Agora offers a platform that enhances the efficiency of real estate investment management for partners, syndicators, and firms.","Qumra Capital"
"Aikido Security","https://images.crunchbase.com/image/upload/c_pad,h_170,w_170,f_auto,b_white,q_auto:eco,dpr_1/cyqdryq0fvv9esabtqql","Cybersecurity","Belgium","https://aikido.dev",24.6,"Series A",17,"Michiel Bearelle, Notion Capital, Inovia Capital",01.05.2024,"https://www.crunchbase.com/organization/aikido-security","false","Aikido Security provides a unified platform for code and cloud security, simplifying vulnerability management for developers.","Singular"
"Amber Therapeutics","https://images.crunchbase.com/image/upload/c_pad,h_170,w_170,f_auto,b_white,q_auto:eco,dpr_1/ngq5f2usny8nc3gkf51r","Biotechnology","United Kingdom","https://www.amber-tx.com/",103,"Series A",101.7,"Oxford Science Enterprises, F-Prime Capital, Innovate UK",10.06.2024,"https://www.crunchbase.com/organization/amber-therapeutics","false","Amber Therapeutics develops the next-generation of bioelectrical therapies.","New Enterprise Associates"
"apiday","https://images.crunchbase.com/image/upload/c_pad,h_170,w_170,f_auto,b_white,q_auto:eco,dpr_1/csmrf24rwmphguarpwjl","ESG SaaS","France","https://apiday.com/",15.6,"Series A",10.7,"Revent, Daphni, AENU",25.04.2024,"https://www.crunchbase.com/organization/apiday","false","SaaS platform for corporate ESG data management: from regulatory compliance and investor reporting to sustainability certifications","Daphni"
"Apify","https://images.crunchbase.com/image/upload/c_pad,h_170,w_170,f_auto,b_white,q_auto:eco,dpr_1/uny17tsjgtucsssntmsp","Enterprise Software","Czech Republic","https://apify.com",3.5,"Venture Round",3,"Y Combinator, Reflex Capital, J&T Ventures",15.04.2024,"https://www.crunchbase.com/organization/apify","false","Apify is a web scraping and browser automation platform that can turn any website into an API.","J&T Ventures"
"Badi","https://images.crunchbase.com/image/upload/c_pad,h_170,w_170,f_auto,b_white,q_auto:eco,dpr_1/cm9vmakbfqohol7dcpbg","Real Estate","Spain","https://www.badi.com",54.4,"Venture Round",5.4,"Target Global, Santander, Mangrove Capital Partners",10.06.2024,"https://www.crunchbase.com/organization/badi","false","Badi is an online platform that facilitates room rentals, enabling users to both publish and find available spaces.","Barlon Capital"
"Bling.de","https://images.crunchbase.com/image/upload/c_pad,h_170,w_170,f_auto,b_white,q_auto:eco,dpr_1/emlgxtmfyngp588zeuiy","Edtech","Germany","https://bling.de",15.7,"Series A",12,"La Famiglia, Owl Ventures, Peak",27.06.2024,"https://www.crunchbase.com/organization/bling-services-gmbh","false","Among Germany's fastest growing fintechs, Bling is reinventing Retail-Banking for families.","Owl Ventures"
"Caeli Wind","https://images.crunchbase.com/image/upload/c_pad,h_170,w_170,f_auto,b_white,q_auto:eco,dpr_1/ewivfkiamr5596n8lwsf","Wind Energy","Germany","https://www.caeli-wind.de/start",15.2,"Series A",12,"Notion Capital, HTGF | High-Tech Gruenderfonds, Santander Climate Tech Fund",16.05.2024,"https://www.crunchbase.com/organization/caeli-wind","false","Digital marketplace that identifies wind potential locations for landowners and enables professional AI-supported analysis and marketing.","Notion Capital"
"Carbonfact","https://images.crunchbase.com/image/upload/c_pad,h_170,w_170,f_auto,b_white,q_auto:eco,dpr_1/pm1tblmdl1tkccat75sa","E-commerce","France","http://www.carbonfact.com",17.1,"Series A",15,"Y Combinator, Headline, Alven",30.04.2024,"https://www.crunchbase.com/organization/carbonfact","false","Fast, scalable life-cycle assessments to help fashion brands lower their scope 3 emissions.","Alven"
"Centrifuge","https://images.crunchbase.com/image/upload/c_pad,h_170,w_170,f_auto,b_white,q_auto:eco,dpr_1/tubhjvoqvygvphivd910","Blockchain","Switzerland","http://www.centrifuge.io/",30.8,"Series A",15,"Arrington Capital, BlockTower Capital, Greenfield",17.04.2024,"https://www.crunchbase.com/organization/centrifuge","false","Centrifuge is the platform for tokenized real-world assets onchain.","Greenfield"
"Climate X","https://images.crunchbase.com/image/upload/c_pad,h_170,w_170,f_auto,b_white,q_auto:eco,dpr_1/pt20eui7qaqqlfsfnu6h","Fintech","United Kingdom","https://www.climate-x.com/",24.6,"Series A",17.7,"Deloitte, Western Technology Investment, Google Ventures",26.06.2024,"https://www.crunchbase.com/organization/climate-x","false","A global climate risk data analytics company.","Google Ventures"
"Condense","https://images.crunchbase.com/image/upload/c_pad,h_170,w_170,f_auto,b_white,q_auto:eco,dpr_1/rvriz5rrwvps9tyu1aq4","Metaverse","United Kingdom","https://www.condense.live/",6.3,"Venture Round",0.6,"BBC Ventures, SFC Capital, 7percent Ventures",18.06.2024,"https://www.crunchbase.com/organization/condense-reality","false","Condense transforms stream real-world 3D events live into any video game built on Unity or Unreal.","BBC Ventures"
"Cylib","https://images.crunchbase.com/image/upload/c_pad,h_170,w_170,f_auto,b_white,q_auto:eco,dpr_1/bx6jtrjy5xazgxpnw1md","Cleantech","Germany","https://www.cylib.de/",71.9,"Series A",59.9,"NRW.BANK, World Fund, Bosch Ventures",15.05.2024,"https://www.crunchbase.com/organization/cylib-gmbh","false","Cylib is a start-up for holistic battery recycling","Porsche Ventures"
"DeepL","https://images.crunchbase.com/image/upload/c_pad,h_170,w_170,f_auto,b_white,q_auto:eco,dpr_1/aw6ilxgl35bkfkmxw3vv","Machine Learning","Germany","http://www.deepl.com",400,"Venture Round",300,"ICONIQ Growth, WiL (World Innovation Lab), Teachers Venture Growth",22.05.2024,"https://www.crunchbase.com/organization/linguee","false","DeepL is a deep-learning  company that specializes in language translation.","Index Ventures"
"Deltablock","https://images.crunchbase.com/image/upload/c_pad,h_170,w_170,f_auto,b_white,q_auto:eco,dpr_1/r8ahvagvmh0hndoevb9a","Fintech","France","https://www.deltablock.io/",1.3,"Venture Round",1.3,"Entrepreneur First, Index Ventures, Blast.club",02.05.2024,"https://www.crunchbase.com/organization/deltablock","false","DeltaBlock helps mid-size exchange-listed companies gain visibility in the stock market","Blast.club"
"Delta Green","https://images.crunchbase.com/image/upload/c_pad,h_170,w_170,f_auto,b_white,q_auto:eco,dpr_1/tciz3k2owfum3xu6wmv8","Greentech","Czech Republic","https://www.deltagreen.cz/",2.4,"Venture Round",2.4,"Purple Ventures, Tilia Impact Ventures, Credo Ventures",27.05.2024,"https://www.crunchbase.com/organization/delta-green-0f65","false","Aggregating household assets in large controllable block of flexibility.","Tilia Impact Ventures"
"Doconomy","https://images.crunchbase.com/image/upload/c_pad,h_170,w_170,f_auto,b_white,q_auto:eco,dpr_1/rj3uy5rcqhpts6dg7xjs","Fintech","Sweden","https://doconomy.com/",55.8,"Series B",36.8,"Mastercard, Tenity, Citi Ventures",30.05.2024,"https://www.crunchbase.com/organization/doconomy","false","Doconomy is a Sweden-based fintech company that offers digital banking services.","CommerzVentures"
"Dust","https://images.crunchbase.com/image/upload/c_pad,h_170,w_170,f_auto,b_white,q_auto:eco,dpr_1/84b8ea02cff644d4960e3bbbc942baaf","Artificial Intelligence","France","https://dust.tt/",21.5,"Series A",16,"Seedcamp, Tiny VC, XYZ Venture Capital",27.06.2024,"https://www.crunchbase.com/organization/dust-5f56","false","Dust is a modular technology platform that builds customized AI assistance to enhance and optimize workflows.","Sequoia Capital"
"EthonAI","https://images.crunchbase.com/image/upload/c_pad,h_170,w_170,f_auto,b_white,q_auto:eco,dpr_1/bu13utsfmuc9plokr7nw","Industrial Automation","Switzerland","https://ethon.ai/",24.8,"Series A",16.6,"Earlybird Venture Capital, La Famiglia, Founderful",30.05.2024,"https://www.crunchbase.com/organization/ethonai","false","EthonAI is an AI-powered platform that detects and prevents quality defects in manufacturing.","Index Ventures"
"Feather","https://images.crunchbase.com/image/upload/c_pad,h_170,w_170,f_auto,b_white,q_auto:eco,dpr_1/h05r15bumpz5vvgzftbe","Insurtech","Germany","https://feather-insurance.com",10.7,"Series A",6.4,"Entrepreneur First, Plural Platform, Taavet Hinrikus",28.06.2024,"https://www.crunchbase.com/organization/popsure","false","Feather is an insurance advisory and management platform for clients to get the right insurance policies.","Keen Venture Partners"
"Fetcherr","https://images.crunchbase.com/image/upload/c_pad,h_170,w_170,f_auto,b_white,q_auto:eco,dpr_1/os9r2pxw6rt8c1eqt0rn","Artificial Intelligence","Israel","http://fetcherr.io/",114.5,"Series B",90,"Left Lane Capital, Battery Ventures, M-Fund Club",26.06.2024,"https://www.crunchbase.com/organization/fetcherr","false","Fetcherr is an AI-powered price intelligence engine that uses proprietary algorithms to predict a price on anything.","Battery Ventures"
"Finmid","https://images.crunchbase.com/image/upload/c_pad,h_170,w_170,f_auto,b_white,q_auto:eco,dpr_1/cwalokkeekfshxqxrrly","Fintech","Germany","https://finmid.com",38.9,"Series A",24.4,"Earlybird Venture Capital, Blossom Capital, Maximilian Tayenthal",16.04.2024,"https://www.crunchbase.com/organization/finmid","false","Finmid enables software companies to integrate financial services into their product portfolio through a single API integration.","Blossom Capital"
"FINN","https://images.crunchbase.com/image/upload/c_pad,h_170,w_170,f_auto,b_white,q_auto:eco,dpr_1/bwriv1zlw0kwxkylqmzs","Automotive","Germany","https://www.finn.com",1046.3,"Venture Round",1.1,"Heliad Equity Partners, White Star Capital, Heartcore Capital",08.04.2024,"https://www.crunchbase.com/organization/finn-b149","false","FINN provides mobility solution by offering monthly car subscriptions through their online platform.","Toloka.vc"
"FintechOS","https://images.crunchbase.com/image/upload/c_pad,h_170,w_170,f_auto,b_white,q_auto:eco,dpr_1/f8sfxfyjpxrngs7rsef1","Fintech","United Kingdom","https://www.fintechos.com",151.1,"Series B",60,"Molten Ventures, Earlybird Venture Capital, OTB Ventures",30.05.2024,"https://www.crunchbase.com/organization/fintechos","false","FintechOS is a fintech company that provides retail banking overview, personal lending, mortgage automation, and general insurance.","Molten Ventures"
"Flatpay","https://images.crunchbase.com/image/upload/c_pad,h_170,w_170,f_auto,b_white,q_auto:eco,dpr_1/hvzzgwycnz5gcuq1pmur","Fintech","Denmark","https://flatpay.com",67.8,"Series B",48,"Dawn Capital, Seed Capital, Philippe Teixeira da Mota",17.04.2024,"https://www.crunchbase.com/organization/flatpay","false","Flatpay is a fintech company that offers Point of Service (POS) and payments processing solutions for small and medium-sized merchants.","Dawn Capital"
"Futura","https://images.crunchbase.com/image/upload/c_pad,h_170,w_170,f_auto,b_white,q_auto:eco,dpr_1/fiygnv3rfjggnoacrhnp","Edtech","Italy","https://www.futura.study",16.9,"Series A",15,"Eurazeo, Exor Ventures, United Ventures",07.05.2024,"https://www.crunchbase.com/organization/futura-8ee6","false","Futura provides personalized learning using data driven approach and modular classes that adapt to student's Individual needs.","Eurazeo"
"Gorilla","https://images.crunchbase.com/image/upload/c_pad,h_170,w_170,f_auto,b_white,q_auto:eco,dpr_1/wbvyflhzql3o2oa8swii","SaaS","Belgium","https://gorilla.co",31,"Series B",24.7,"Beringea, PMV, Headline",12.06.2024,"https://www.crunchbase.com/organization/gorilla-a35e","false","Data-driven solutions for utility pricing, forecasting and reporting.","Headline"
"Granola","https://images.crunchbase.com/image/upload/c_pad,h_170,w_170,f_auto,b_white,q_auto:eco,dpr_1/qpnnymgghgk0hjy46lws","Artificial Intelligence","United Kingdom","https://www.granola.so",4.3,"Venture Round",4.3,"Betaworks, Lightspeed India Partners, Soleio Soleio",22.05.2024,"https://www.crunchbase.com/organization/granola","false","AI note-taking solution","Lightspeed India Partners"
"Grey Wolf Therapeutics","https://images.crunchbase.com/image/upload/c_pad,h_170,w_170,f_auto,b_white,q_auto:eco,dpr_1/qxnitdw4tuvttwhtohm6","Biotechnology","United Kingdom","http://www.greywolftherapeutics.com/",122.3,"Series B",50,"Andera Partners, Oxford Science Enterprises, Earlybird Venture Capital",23.05.2024,"https://www.crunchbase.com/organization/greywolf-therapeutics","false","Small molecules to increase tumor detection by the immune system","Intermediate Capital Group"
"Harbor Lab","https://images.crunchbase.com/image/upload/c_pad,h_170,w_170,f_auto,b_white,q_auto:eco,dpr_1/jdda26ggyrg42v8fbel2","SaaS","Greece","https://www.harborlab.com/",22.4,"Series A",16,"Notion Capital, TMV, VentureFriends",15.05.2024,"https://www.crunchbase.com/organization/harbor-lab","false","Harbor Lab provides software for ship owners, management companies, and charterers' internal disbursements departments.","Atomico"
"Hero","https://images.crunchbase.com/image/upload/c_pad,h_170,w_170,f_auto,b_white,q_auto:eco,dpr_1/ue1bpjwkqydi1ncihbmq","Fintech","France","https://www.heropay.eu",25.6,"Series A",12.1,"Valar Ventures, SquareOne Venture Capital, Motive Ventures",20.06.2024,"https://www.crunchbase.com/organization/hero-4142","false","Hero is a B2B payments and financing platform, offer direct online payment experience and receive your money immediately.","Valar Ventures"
"Hive","https://images.crunchbase.com/image/upload/c_pad,h_170,w_170,f_auto,b_white,q_auto:eco,dpr_1/ejorl9dx4sadzp2wyfav","Logistics","Germany","https://hive.app",74,"Series A",19.5,"Alfa8, Earlybird Venture Capital, Activant Capital",24.06.2024,"https://www.crunchbase.com/organization/hive-7176","false","Hive stores and ships products for small and medium-sized online merchants the next day.","Earlybird Venture Capital"
"Infogrid","https://images.crunchbase.com/image/upload/c_pad,h_170,w_170,f_auto,b_white,q_auto:eco,dpr_1/c284yfk5nasbcxucblsd","Construction Software","United Kingdom","https://infogrid.io",148.5,"Series B",13,"JLL Spark, The Venture Collective, A/O",22.04.2024,"https://www.crunchbase.com/organization/infogrid-d81e","false","Infogrid is an AI technology company that automates building management.","Keyframe Capital Partners"
"Insempra","https://images.crunchbase.com/image/upload/c_pad,h_170,w_170,f_auto,b_white,q_auto:eco,dpr_1/vxac5vrejvjo7ptcrini","Biotechnology","Germany","https://insempra.bio",36.6,"Series A",20,"Henkel dx Ventures, BlueYard Capital, Bayern Kapital",08.05.2024,"https://www.crunchbase.com/organization/origin-bio","false","Insempra is a biotechnology-powered company enabling businesses to transform their ingredient lists with superior bio-based products.","EQT Ventures"
"LabGenius","https://images.crunchbase.com/image/upload/c_pad,h_170,w_170,f_auto,b_white,q_auto:eco,dpr_1/nwyua6gljd2dadhlphd4","Biotechnology","United Kingdom","http://www.labgeni.us",73.1,"Series B",44.5,"Octopus Ventures, Inovia Capital, Obvious Ventures",21.05.2024,"https://www.crunchbase.com/organization/labgenius","false","LabGenius uses a machine learning-driven evolution engine to develop protein therapeutics.","M Ventures"
"Luzia","https://images.crunchbase.com/image/upload/c_pad,h_170,w_170,f_auto,b_white,q_auto:eco,dpr_1/aezyrywpby0t5mcoh1tu","Chatbot","Spain","https://luzia.com",31.6,"Venture Round",19,"Abstract Ventures, A* Capital, monashees",08.05.2024,"https://www.crunchbase.com/organization/lightia","false","Luzia is a developer of an AI powered personal assistant designed to help in every day life.","monashees"
"M^0 Labs","https://images.crunchbase.com/image/upload/c_pad,h_170,w_170,f_auto,b_white,q_auto:eco,dpr_1/xurf5v9xvlputscvrm1z","Blockchain","Germany","https://m0.xyz",57.5,"Series A",35,"Galaxy Digital, Earlybird Venture Capital, Wintermute",05.06.2024,"https://www.crunchbase.com/organization/m-0-labs","false","M^0 is the infrastructure powering the first open federation of cryptodollar issuers.","Bain Capital Crypto"
"MagnusMetal","https://images.crunchbase.com/image/upload/c_pad,h_170,w_170,f_auto,b_white,q_auto:eco,dpr_1/yhikccxfeipty8yqjswq","Manufacturing","Israel","https://magnusmetal.com/",74,"Series B",74,"Target Global, Entré Capital, Caterpillar Ventures",18.04.2024,"https://www.crunchbase.com/organization/magnusmetal","false","MagnusMetal offers digital casting solutions for metal alloys.","Entrée Capital"
"MARKT-PILOT","https://images.crunchbase.com/image/upload/c_pad,h_170,w_170,f_auto,b_white,q_auto:eco,dpr_1/zyklirfsapujybq0e8nn","Mnufacturing Software","Germany","https://www.markt-pilot.com",49.7,"Series A",43,"Capnamic Ventures, Insight Partners",23.04.2024,"https://www.crunchbase.com/organization/markt-pilot","false","MARKT-PILOT develops software to optimize machine manufacturers' spare parts business through market-driven pricing.","Insight Partners"
"Materrup","https://images.crunchbase.com/image/upload/c_pad,h_170,w_170,f_auto,b_white,q_auto:eco,dpr_1/nvngd6iymn6vqzqlzgrg","Construction Materials","France","https://www.materrup.com",30.3,"Series A",27.8,"Argiduna Capital, Eurazeo, European Innovation Council",20.06.2024,"https://www.crunchbase.com/organization/materrup","false","Materrup is a building materials market.","Eurazeo"
"Midas","https://images.crunchbase.com/image/upload/c_pad,h_170,w_170,f_auto,b_white,q_auto:eco,dpr_1/s9sbd0vbzupt0jxndee8","Fintech","Turkey","https://www.getmidas.com",57,"Series A",45,"Earlybird Venture Capital, International Finance Corporation, Portage Ventures",19.04.2024,"https://www.crunchbase.com/organization/midas-5fe5","false","Midas is the first neobroker of Turkey, providing zero commission Turkish and American stocks.","Portage Ventures"
"Mimo","https://images.crunchbase.com/image/upload/c_pad,h_170,w_170,f_auto,b_white,q_auto:eco,dpr_1/zhadbanxiaos10hoyigi","Fintech","United Kingdom","https://www.mimohq.com/",19.5,"Series A",19.5,"Seedcamp, Cocoa, Upfin",11.04.2024,"https://www.crunchbase.com/organization/mimo-71e8","false","Mimo offers a beautiful, easy-to-use tool to manage, understand and control payments and cash flow saving you time and money.","Northzone"
"Mistral AI","https://images.crunchbase.com/image/upload/c_pad,h_170,w_170,f_auto,b_white,q_auto:eco,dpr_1/ekqxvomyil4eprfmiu6j","Artificial Intelligence","France","https://mistral.ai",1187.7,"Series B",502.1,"Millennium New Horizons, NVIDIA, Eurazeo",11.06.2024,"https://www.crunchbase.com/organization/mistral-ai","false","Mistral AI is an AI startup that provides developers and businesses access to open and portable generative AI solutions.","General Catalyst"
"Neural Concept","https://images.crunchbase.com/image/upload/c_pad,h_170,w_170,f_auto,b_white,q_auto:eco,dpr_1/sbavu7ttdby3ao9cneoj","Industrial Automation","Switzerland","https://neuralconcept.com/",36.8,"Series B",27,"Aster, D. E. Shaw & Co., Venture Kick",03.06.2024,"https://www.crunchbase.com/organization/neural-concept","false","Neural Concept revolutionizes industrial engineering design with AI Deep Learning algorithms","Forestay Capital"
"Nivoda","https://images.crunchbase.com/image/upload/c_pad,h_170,w_170,f_auto,b_white,q_auto:eco,dpr_1/dwrwqszxsxxyhjzyka4v","Marketplace","United Kingdom","https://nivoda.net/",41,"Series B",30,"Entrepreneur First, Abstract Ventures, Avenir Growth Capital",06.05.2024,"https://www.crunchbase.com/organization/nivoda","false","Nivoda is the B2B marketplace for diamonds & jewellery - the fastest, easiest and most profitable way to buy and sell diamonds","Avenir Growth Capital"
"Nory AI","https://images.crunchbase.com/image/upload/c_pad,h_170,w_170,f_auto,b_white,q_auto:eco,dpr_1/imlmbqgk4vqok3i3xxqf","Hospitality Tech","Ireland","https://nory.ai",25.7,"Series A",15.9,"Playfair Capital, Triple Point Ventures, Enterprise Ireland",22.05.2024,"https://www.crunchbase.com/organization/skueeze","false","Nory is a restaurant management platform with features like AI-powered business intelligence, inventory control, and employee management.","Accel"
"Omi","https://images.crunchbase.com/image/upload/c_pad,h_170,w_170,f_auto,b_white,q_auto:eco,dpr_1/lqgcd2ahpca6ava8m1ol","E-commerce","France","https://www.omi.so",20.3,"Series A",13.9,"Dawn Capital, Founders Future, Nadav Ben-Chanoch",16.06.2024,"https://www.crunchbase.com/organization/omi-b0a0","false","Omi is a 3D application that offers e-commerce and social media solutions.","Dawn Capital"
"ONUM","https://images.crunchbase.com/image/upload/c_pad,h_170,w_170,f_auto,b_white,q_auto:eco,dpr_1/oscsyo4qopmmxokzym4t","Data Management","Spain","https://onum.com/",40.2,"Series A",27.7,"Dawn Capital, Insight Partners, AWS Startup Loft Accelerator",10.04.2024,"https://www.crunchbase.com/organization/signalit","false","Gain control of your data with real-time observations, filtering, enrichment, and orchestration.","Dawn Capital"
"OSCAR","https://images.crunchbase.com/image/upload/c_pad,h_170,w_170,f_auto,b_white,q_auto:eco,dpr_1/ssozkok5omnrbuaugpai","Marketplace","Portugal","https://oscar-app.com",6.5,"Venture Round",6.5,"Indico Capital Partners, Accel, Lince Capital",29.05.2024,"https://www.crunchbase.com/organization/oscar-4e53","false","On-demand app for home services with fixed prices.","Indico Capital Partners"
"Pactio","https://images.crunchbase.com/image/upload/c_pad,h_170,w_170,f_auto,b_white,q_auto:eco,dpr_1/aqqjq2sl3gsgeoyxsto5","Fintech","United Kingdom","https://pactio.io",18.3,"Series A",13.8,"EQT Ventures, Tom Greenwood, Matt Henderson",10.04.2024,"https://www.crunchbase.com/organization/pactio-5e4d","false","Pactio is a fintech startup that provides automation software to transform the way Private Equity deals are executed.","EQT Ventures"
"Parloa","https://images.crunchbase.com/image/upload/c_pad,h_170,w_170,f_auto,b_white,q_auto:eco,dpr_1/guxns58mjy5mlocqdcgn","Chatbot","Germany","https://parloa.com",92,"Series B",66,"La Famiglia, Mosaic Ventures, Newion",24.04.2024,"https://www.crunchbase.com/organization/parloa","false","Parloa is a conversational AI platform that helps businesses in automating their service channels.","Altimeter Capital"
"Payflows","https://images.crunchbase.com/image/upload/c_pad,h_170,w_170,f_auto,b_white,q_auto:eco,dpr_1/rwbjybpslibvit1nni84","Fintech","France","https://www.payflows.io/",32.1,"Series A",26.6,"The Twenty Minute VC, Ribbit Capital, Christer Holloman",22.04.2024,"https://www.crunchbase.com/organization/payflows","false","Payflows is a FinTech company that develops a SaaS platform for finance teams.","Balderton Capital"
"Plancraft","https://images.crunchbase.com/image/upload/c_pad,h_170,w_170,f_auto,b_white,q_auto:eco,dpr_1/jdutjakqjmcrwoi6jlpl","SaaS","Germany","https://plancraft.de",15.1,"Series A",13.1,"Creandum, BitStone Capital, xdeck",05.06.2024,"https://www.crunchbase.com/organization/plancraft","false","easy SaaS for craftsmen & contractors","Creandum"
"PlanerAI","https://images.crunchbase.com/image/upload/c_pad,h_170,w_170,f_auto,b_white,q_auto:eco,dpr_1/kxfrue0vnqjcexabza72","Artificial Intelligence","Germany","https://planerai.de",8,"Series A",8,"Earlybird Venture Capital, ETF Partners, LBBW VC",18.04.2024,"https://www.crunchbase.com/organization/planerai","false","AI-based planning solution for fresh goods -","ETF Partners"
"Prewave","https://images.crunchbase.com/image/upload/c_pad,h_170,w_170,f_auto,b_white,q_auto:eco,dpr_1/bhrc16hak5dl8pd6kzsu","Supply Chain Management","Austria","https://www.prewave.com",98.2,"Series B",67.6,"Creandum, Ventech, KOMPAS VC",25.06.2024,"https://www.crunchbase.com/organization/prewave","false","Prewave is an AI risk and sustainability monitoring platform for purchasing, supply chain, and sustainability managers.","Hedosophia"
"Prothea Technologies","https://images.crunchbase.com/image/upload/c_pad,h_170,w_170,f_auto,b_white,q_auto:eco,dpr_1/ssnt8nj0kbun5hkrkljr","Hospital Tech","United Kingdom","https://prothea.tech",13,"Series A",13,"Earlybird Venture Capital, Mérieux Equity Partners, NRW.BANK",09.04.2024,"https://www.crunchbase.com/organization/prothea-technologies","false","Prothea Technologies is a private medical technology business to provide lung cancer biopsy and therapy in a single hospital visit.","Earlybird Venture Capital"
"Qargo","https://images.crunchbase.com/image/upload/c_pad,h_170,w_170,f_auto,b_white,q_auto:eco,dpr_1/vb1imjkpcihipa9bdzqx","Logistics","United Kingdom","https://www.qargo.io",20.1,"Series A",14.1,"Stride.VC, Balderton Capital, Stephane Kurgan",06.06.2024,"https://www.crunchbase.com/organization/qargo","false","Qargo is a road transport management system.","Balderton Capital"
"re:cap","https://images.crunchbase.com/image/upload/c_pad,h_170,w_170,f_auto,b_white,q_auto:eco,dpr_1/pfmhhd3o9u6js7wsmsah","Fintech","Germany","https://www.re-cap.com",130.5,"Series A",14.5,"Entré Capital, Chris Adelsbach, Mubadala Capital Ventures",04.06.2024,"https://www.crunchbase.com/organization/re-cap","false","re:cap enables companies in the subscription economy to trade future revenues for on-demand, non-dilutive capital.","Entrée Capital"
"Rendesco","https://images.crunchbase.com/image/upload/c_pad,h_170,w_170,f_auto,b_white,q_auto:eco,dpr_1/k9mhgea7wlzbgvrieea1","Cleantech","United Kingdom","https://www.rendesco.com",7.7,"Venture Round",7.7,"Eurazeo, Aviva Ventures, Clean Growth Fund",13.06.2024,"https://www.crunchbase.com/organization/rendesco","false","Rendesco's mission is to transform the heating business by creating geothermal networks using ground-source heat pump technology.","Eurazeo"
"Reshape Biotech","https://images.crunchbase.com/image/upload/c_pad,h_170,w_170,f_auto,b_white,q_auto:eco,dpr_1/zg0wl9nufuukj2fqvlkb","Biotechnology","Denmark","https://reshapebiotech.com/",28.2,"Series A",20,"21st.BIO, ACME Capital, Astanor Ventures",09.04.2024,"https://www.crunchbase.com/organization/reshape-biotech","false","Reshape Biotech builds lab robots that automate the everyday tasks of microbiologists, from filling plates to analyzing images.","Astanor Ventures"
"Resilience","https://images.crunchbase.com/image/upload/c_pad,h_170,w_170,f_auto,b_white,q_auto:eco,dpr_1/l4wyplfti7mnkb2lofi5","Health Tech","France","https://resilience.care",76.1,"Venture Round",25,"Cathay Innovation, Exor Ventures, Seaya",21.05.2024,"https://www.crunchbase.com/organization/resilience-care","false","Resilience provides remote patient care monitoring to help improve cancer patients' quality of life and overall survival.","Picus Capital"
"Rohlik","https://images.crunchbase.com/image/upload/c_pad,h_170,w_170,f_auto,b_white,q_auto:eco,dpr_1/extmr6jylr7lp6wdyir7","Food Delivery","Czech Republic","https://www.rohlik.group/",784.1,"Venture Round",171,"European Bank for Reconstruction and Development, European Investment Bank, Sofina",28.06.2024,"https://www.crunchbase.com/organization/rohlik","false","Rohlik is a grocery delivery company that offers a 90-minute same-day delivery service.","European Bank for Reconstruction and Development"
"Rows","https://images.crunchbase.com/image/upload/c_pad,h_170,w_170,f_auto,b_white,q_auto:eco,dpr_1/j0khsatvusfcnyupwghq","Productivity Tools","Germany","http://rows.com",33.6,"Venture Round",8.6,"Lakestar, Atlantic Labs, Indico Capital Partners",24.05.2024,"https://www.crunchbase.com/organization/rowshq","false","Rows offers a spreadsheet tool designed for team collaboration and enhanced functionality.","Indico Capital Partners"
"Samara","https://images.crunchbase.com/image/upload/c_pad,h_170,w_170,f_auto,b_white,q_auto:eco,dpr_1/yo5nl7kfgolroed9jvuq","Cleantech","Spain","https://www.samara.energy",16.7,"Series A",9.8,"Move Energy, Seaya, Ring Capital",06.06.2024,"https://www.crunchbase.com/organization/samara-319e","false","Samara is a solar energy company that helps households transition to a more sustainable energy model.","Move Energy"
"Sensi.Ai","https://images.crunchbase.com/image/upload/c_pad,h_170,w_170,f_auto,b_white,q_auto:eco,dpr_1/hyanxy1ysguwip2xdxj6","Artificial Intelligence","Israel","https://www.sensi.ai",48.7,"Series B",31,"Entré Capital, Operator Partners, Flint Capital",26.06.2024,"https://www.crunchbase.com/organization/clanz-technologies","false","The first in-home virtual care agent, leveraging AI to enable home care agencies to offer 24/7 services.","Insight Partners"
"simpleclub","https://images.crunchbase.com/image/upload/c_pad,h_170,w_170,f_auto,b_white,q_auto:eco,dpr_1/olusr9ovxgymy3xl9o0j","Edtech","Germany","https://simpleclub.com/",19.1,"Venture Round",4.4,"10x Founders, Flixfounders, 3VC",15.05.2024,"https://www.crunchbase.com/organization/simpleclub","false","Germany's most popular digital learning platform. Personalised learning, powered by the best content. For 1M+ people.","3VC"
"Sona","https://images.crunchbase.com/image/upload/c_pad,h_170,w_170,f_auto,b_white,q_auto:eco,dpr_1/tylxpysy4gbdp7vhdsjx","HR Tech","United Kingdom","https://www.getsona.com",36.5,"Series A",27.5,"Antler, Gradient Ventures, Novator",14.05.2024,"https://www.crunchbase.com/organization/sona-905e","false","Sona is a workforce management platform for frontline enterprises.","Felicis"
"Supercede","https://images.crunchbase.com/image/upload/c_pad,h_170,w_170,f_auto,b_white,q_auto:eco,dpr_1/anqh0fxjgapuf94tmmsb","Analytics","United Kingdom","https://supercede.com/",21.6,"Series A",15,"Seedcamp, Chris Adelsbach, Episode 1",27.06.2024,"https://www.crunchbase.com/organization/riskbook","false","Supercede makes reinsurance a win-win-win, combining outwards analytics and e-placements within a global network.","Alven"
"SurrealDB","https://images.crunchbase.com/image/upload/c_pad,h_170,w_170,f_auto,b_white,q_auto:eco,dpr_1/enmyhccs706gekv2staj","Database","United Kingdom","https://surrealdb.com",26,"Series A",20,"Alumni Ventures, Georgian, FirstMark",18.06.2024,"https://www.crunchbase.com/organization/surrealdb","false","SurrealDB is the ultimate multi-model database for tomorrow's applications","FirstMark"
"Swap","https://images.crunchbase.com/image/upload/c_pad,h_170,w_170,f_auto,b_white,q_auto:eco,dpr_1/jiontvbmrfg5zzfo2eim","E-commerce","United Kingdom","https://www.swap-commerce.com",9,"Series A",9,"9900 Capital, 2100 Ventures, QED Investors",30.04.2024,"https://www.crunchbase.com/organization/swap-e8bd","false","Swap is a software company that specializes in returns, exchanges, and funding for e-commerce.","QED Investors"
"TaxDown","https://images.crunchbase.com/image/upload/c_pad,h_170,w_170,f_auto,b_white,q_auto:eco,dpr_1/sw2ffpzpftxswdwyqohe","Fintech","Spain","https://www.taxdown.es",21.6,"Venture Round",5.4,"ENISA, JME Ventures, 4Founders Capital",10.04.2024,"https://www.crunchbase.com/organization/taxdown","false","TaxDown is a Spanish startup that eases the income tax return filing process for taxpayers.","4Founders Capital"
"TechWolf","https://images.crunchbase.com/image/upload/c_pad,h_170,w_170,f_auto,b_white,q_auto:eco,dpr_1/ohgpwv4amfnnwnw0kyzo","Artificial Intelligence","Belgium","https://www.techwolf.com",55.6,"Series B",42.8,"SAP, Notion Capital, Felix Capital",24.06.2024,"https://www.crunchbase.com/organization/techwolf","false","TechWolf develops an AI-based talent intelligence platform that allows enterprises to adopt a skills-based talent model.","Felix Capital"
"Tines","https://images.crunchbase.com/image/upload/c_pad,h_170,w_170,f_auto,b_white,q_auto:eco,dpr_1/ivwfd708i9aycz6zarks","Cybersecurity","Ireland","https://www.tines.com",146.2,"Series B",50,"Blossom Capital, CrowdStrike Falcon Fund, Accel",24.04.2024,"https://www.crunchbase.com/organization/tines","false","No-code automation for security teams","Accel"
"Tiney","https://images.crunchbase.com/image/upload/c_pad,h_170,w_170,f_auto,b_white,q_auto:eco,dpr_1/lcq74kjjgg91xz8o8ocp","Education","United Kingdom","https://www.tiney.co",16.9,"Series A",9,"JamJar Investments, Mustard Seed, Rubio Impact Ventures",13.05.2024,"https://www.crunchbase.com/organization/tiney","false","Tiney is a childcare startup providing home nurseries with early years education.","Mustard Seed"
"Wagestream","https://images.crunchbase.com/image/upload/c_pad,h_170,w_170,f_auto,b_white,q_auto:eco,dpr_1/shbnpeaqzf3hfbfjyvxy","Fintech","United Kingdom","https://wagestream.com",278.6,"Venture Round",21.8,"Ascension, XYZ Venture Capital, Smash Capital",17.04.2024,"https://www.crunchbase.com/organization/wagestream","false","Wagestream is a financial services firm that allows employees to access a portion of their earned wages before payday.","British Patient Capital"
"alcemy","https://images.crunchbase.com/image/upload/c_pad,h_170,w_170,f_auto,b_white,q_auto:eco,dpr_1/dvnhfvviileautqjfuan","Construction","Germany","https://alcemy.tech/",23.5,"Venture Round",10.0,"Entrepreneur First, La Famiglia, Norrsken VC",05.07.2024,"https://www.crunchbase.com/organization/alcemy","false","alcemy has built a predictive quality control AI which allows cement & concrete producers to lower costs and emit 50-70% less Co2 today","Norrsken VC"
"Fy!","https://images.crunchbase.com/image/upload/c_pad,h_170,w_170,f_auto,b_white,q_auto:eco,dpr_1/szfnjuazzzjlsbvnlq44","E-commerce","United Kingdom","https://www.iamfy.co/",14.8,"Venture Round",3.8,"500 Global, Seedrs, Redbus Ventures",05.07.2024,"https://www.crunchbase.com/organization/fy","false","Fy! is an art, home and living marketplace leveraging unique generative AI-powered shopping experiences that are personalised for you™","Channel 4 Ventures"
